mode	alpha	n_snps	nbar	intercept	intercept_se	heritability	heritability_se
baselineLD	0.2864059014882535	1145927	378156.0	0.954488843337965	0.015129499329448844	0.25115968092582885	0.013143518491912316
